{
  "version": 1,
  "feature_names": [
    "bias",
    "cat_beef",
    "cat_dairy",
    "cat_poultry",
    "cat_seafood",
    "cat_vegetables",
    "cat_fruit",
    "cat_legumes",
    "cat_grains",
    "cat_packaged snacks",
    "cat_beverages",
    "cat_household",
    "cat_unknown",
    "log_size_kg"
  ],
  "categories": [
    "beef",
    "dairy",
    "poultry",
    "seafood",
    "vegetables",
    "fruit",
    "legumes",
    "grains",
    "packaged snacks",
    "beverages",
    "household",
    "unknown"
  ],
  "targets": {
    "co2_kg": {
      "coefficients": [
        4.447188485827408,
        23.242390103716406,
        -0.7480761002981335,
        2.663431516444659,
        2.1022359208349837,
        -3.534706225757107,
        -3.376567275628438,
        -3.262602998079588,
        -2.8130015369552193,
        -2.20299281491031,
        -3.773223906098995,
        -1.6458914530394086,
        -2.20380664148629,
        0.35662021522991366
      ],
      "r2": 0.9989535166842377,
      "mae": 0.13150097548906897
    },
    "runoff_intensity": {
      "coefficients": [
        0.438875595075593,
        0.46896464803186527,
        0.31541806783430176,
        0.13358359576938056,
        -0.17173281352328995,
        -0.07781007829078966,
        -0.12841635183271682,
        -0.20381429936753287,
        -0.03251715244097607,
        0.11444450849946451,
        -0.19810173609036633,
        0.18439795967404812,
        0.034459241895079894,
        0.04013876006639299
      ],
      "r2": 0.9976880947783658,
      "mae": 0.007337364811450678
    },
    "plastic_intensity": {
      "coefficients": [
        0.43486762836381276,
        -0.1868200343160844,
        -0.008592139168909106,
        -0.022164146692239598,
        0.1801130178338746,
        -0.25520626165474897,
        -0.162164118695074,
        -0.2570652511136851,
        -0.18629778043167722,
        0.3880564576812016,
        0.41030116799171873,
        0.4459521608761297,
        0.0887545631458718,
        0.040460642288202876
      ],
      "r2": 0.9954794732320782,
      "mae": 0.011261443571328538
    },
    "water_l_per_kg": {
      "coefficients": [
        2900.639536937699,
        12693.835095852746,
        -1716.9739760495552,
        1480.7248420620033,
        970.9420639091478,
        -2458.6307718254684,
        -1830.8744956513428,
        1270.5197564893242,
        -1198.267856668524,
        -1134.2548006750783,
        -2262.2303611970005,
        -1602.0297569331715,
        -1312.1202183711832,
        146.7549179844573
      ],
      "r2": 0.9996646367653498,
      "mae": 53.438276664027754
    }
  },
  "water_median_log": 7.22983877815125,
  "reference_size_kg": 0.5,
  "training_rows": 65
}